{
  "name": "SarisAlborz Construction Management",
  "dockerComposeFile": "docker-compose.yml",
  "service": "app",
  "workspaceFolder": "/workspace",
  
  "features": {
    "ghcr.io/devcontainers/features/node:1": {
      "version": "20"
    }
  },

  "customizations": {
    "vscode": {
      "extensions": [
        "dbaeumer.vscode-eslint",
        "esbenp.prettier-vscode",
        "bradlc.vscode-tailwindcss"
      ],
      "settings": {
        "editor.formatOnSave": true,
        "editor.defaultFormatter": "esbenp.prettier-vscode"
      }
    }
  },

  "forwardPorts": [5000, 5432],
  "portsAttributes": {
    "5000": {
      "label": "Application",
      "onAutoForward": "openBrowser"
    },
    "5432": {
      "label": "PostgreSQL"
    }
  },

  "postCreateCommand": "npm install",
  "postStartCommand": "bash .devcontainer/startup.sh",

  "remoteEnv": {
    "DATABASE_URL": "postgresql://postgres:postgres@db:5432/sarisalborz",
    "PGHOST": "db",
    "PGPORT": "5432",
    "PGUSER": "postgres",
    "PGPASSWORD": "postgres",
    "PGDATABASE": "sarisalborz",
    "NODE_ENV": "development",
    "PORT": "5000"
  }
}
